R2_total	F	p_valor	df1	df2	n
0.12869625591405484	2.3140510486026837	0.001	3	47	51
