eje	porcentaje_varianza
PC1	8.312547470845455
PC2	5.742337388682863
