n	spearman_rho	spearman_p_valor	pearson_r2	regresion_p_valor	pendiente	intercepto
51	0.4686069574662047	0.0005240050611790482	0.212452714638674	0.0006643821046105387	0.00995747816151844	2.227769162344191
