rho_spearman	r2	p_valor	n
0.4686069574662047	0.21959248058573336	0.0005240050611790489	51
