spearman_rho	r2	p_valor	n
0.4686069574662047	0.212452714638674	0.0005240050611790483	51
