variable_x	variable_y	spearman_rho	r2	p_valor	n
average-soil-relative-humidity	shannon	0.4686069574662047	0.21959248058573336	0.0005240050611790483	51
