spearman_rho	spearman_p_valor	r2_regresion	p_valor_regresion	pendiente	n
0.4686069574662047	0.0005240050611790483	0.212452714638674	0.0006643821046105388	0.00995747816151844	51
