	Baquedano	Yungay
Baquedano	1.0	0.03215866134424525
Yungay	0.03215866134424525	1.0
