test	statistic	p_value
kruskal-wallis	4.590018808777444	0.0321586613442449
