transect-name	mean	median	min	max	count
Baquedano	3.1832516431854883	3.22048256803155	2.2340112070394094	3.7674305801951835	25
Yungay	2.868598448349823	2.929217225141863	1.2555422287406146	3.9337054980031607	29
