variable_x	variable_y	spearman_rho	p_valor	r_squared	n
elevation	shannon	0.4365782986516409	0.0009654351755766811	0.15914213816852152	54
