variable	F	R2	p_valor	n_permutaciones	n
transect-name (Baquedano=0, Yungay=1)	2.0437068404313408	0.037815815381901166	0.001	999	54
