eje	proporcion_varianza_explicada
PC1	0.08312547470845451
PC2	0.05742337388682858
