eje	porcentaje_varianza
PC1	8.31254747084545
PC2	5.742337388682861
