variable	columna_original	F	R2	p_valor	n_permutaciones	n
temperatura	average-soil-temperature	3.0003097687286955	0.05769792107148148	0.001	999	51
elevacion	elevation	2.9304903952656436	0.053349066687345965	0.001	999	54
humedad_relativa	average-soil-relative-humidity	2.5672710873408233	0.04978489327062838	0.001	999	51
