variable	columna_original	F	R2	p_valor	n_permutaciones	n
temperatura	average-soil-temperature	3.000309768728802	0.0576979210714834	0.001	999	51
elevacion	elevation	2.9304903952909904	0.053349066687782776	0.001	999	54
humedad_relativa	average-soil-relative-humidity	2.5672710873402336	0.049784893270617504	0.001	999	51
