variable	columna_original	F	R2	p_valor	n_permutaciones	n
temperatura	average-soil-temperature	3.0003097687288	0.057697921071483374	0.001	999	51
elevacion	elevation	2.9304903952909935	0.05334906668778283	0.001	999	54
humedad_relativa	average-soil-relative-humidity	2.567271087340604	0.04978489327062433	0.001	999	51
