variable	r2_unico	p_valor
humedad_relativa	0.034247212712273135	0.001
temperatura	0.043991373187807416	0.001
elevacion	0.033071859292929	0.001
